cidade,data_hora,temperatura_celsius,umidade_pct
Rio Branco,2026-10-07T19:45,33.5,53
Macapá,2026-10-07T19:45,30.9,59
Manaus,2026-10-07T19:45,37.2,30
Belém,2026-10-07T19:45,29.8,70
Porto Velho,2026-10-07T19:45,34.3,50
Boa Vista,2026-10-07T19:45,37.0,36
Palmas,2026-10-07T19:45,36.0,23
Maceió,2026-10-07T19:45,26.4,68
Salvador,2026-10-07T19:45,27.5,56
Fortaleza,2026-10-07T19:45,28.0,71
São Luís,2026-10-07T19:45,29.2,70
João Pessoa,2026-10-07T19:45,27.4,63
Recife,2026-10-07T19:45,27.3,61
Teresina,2026-10-07T19:45,38.7,17
Natal,2026-10-07T19:45,27.1,66
Aracaju,2026-10-07T19:45,27.2,61
Goiânia,2026-10-07T19:45,31.0,39
Cuiabá,2026-10-07T19:45,34.4,42
Campo Grande,2026-10-07T19:45,29.8,52
Brasília,2026-10-07T19:45,29.4,37
Vitória,2026-10-07T19:45,14.6,86
Belo Horizonte,2026-10-07T19:45,27.3,51
Rio de Janeiro,2026-10-07T19:45,23.5,92
São Paulo,2026-10-07T19:45,20.8,80
Curitiba,2026-10-07T19:45,19.2,83
Porto Alegre,2026-10-07T19:45,23.6,75
Florianópolis,2026-10-07T19:45,22.1,78
